Number,Position F1,Position F2
4,8.52622,119.56122
6,8.09109,123.03743
7,8.6315,119.5525
8,8.02472,118.06717
9,7.53128,118.92758
11,8.87346,118.68104
12,7.95881,120.10143
13,8.07844,120.51747
15,7.69228,118.08167
16,7.53412,107.86482
17,8.45927,122.83711
21,8.42436,111.76105
23,8.40935,116.71933
24,8.94913,121.72196
25,8.87461,127.30868
26,8.57254,118.963
27,8.5952,125.92973
29,8.34523,118.65589
30,7.96439,118.46967
31,8.4544,120.62285
32,7.73538,111.58344
33,7.099,119.32576
34,8.57688,121.11517
35,8.41039,121.82765
36,7.99175,119.3716
37,8.85688,119.46028
38,9.06664,124.23941
39,8.48498,127.15077
41,8.59712,107.24781
42,8.77652,127.36372
43,9.12265,114.37055
51,8.39269,124.32614
52,9.33449,122.99012
53,9.09061,122.47485
54,8.66441,121.79339
55,7.86698,125.90108
56,8.92095,127.17694
57,8.54103,128.43134
59,9.04677,124.49291
60,8.24223,112.00414
61,7.50137,123.18828
63,9.10502,125.12702
64,6.83293,117.72893
67,8.73605,121.29751
68,8.56833,126.31961
69,8.08385,122.62567
70,9.91988,123.49129
71,9.30673,123.00043
72,7.43059,119.96056
74,8.23623,120.11868
75,8.363,131.33301
76,8.97499,130.15073
78,11.55057,117.50938
79,7.07026,120.64923
80,8.39576,123.99864
81,7.67337,111.38175
82,8.13536,124.74305
83,8.09369,109.01038
84,8.4058,121.12024
87,7.35971,127.40465
88,9.1439,129.66394
89,8.52227,116.04993
90,7.25657,113.07649
91,7.92223,119.4215
92,8.60453,121.55926
95,8.22633,121.89163
96,7.58706,105.88914
97,7.74056,119.50631
98,8.74043,120.86077
99,5.25623,121.26622
101,6.61233,107.59247
102,7.06759,122.70678
103,6.94948,109.58281
104,9.39194,120.9055
105,9.50799,121.90096
106,8.39429,113.50051
107,8.03349,122.13511
109,8.31994,114.15997
110,8.22536,120.757
111,8.05537,124.98972
112,7.99368,121.56611
113,8.25903,121.57504
114,7.81109,122.23178
115,7.99454,117.32472
116,7.2103,110.86669
117,8.44464,122.73648
119,8.68048,115.71629
121,7.58261,117.55617
122,6.74109,118.79829
124,8.25086,117.07001
125,7.28195,117.60462
126,8.99076,129.12602
128,7.27907,121.54344
129,8.17809,114.50298
130,7.88259,114.62826
131,7.75331,123.57445
132,8.56733,117.28164
133,7.73372,113.95715
135,8.74795,123.18838
136,8.53225,123.01943
138,7.23723,119.92645
139,7.83342,119.66237
140,8.66772,118.24104
141,7.43656,118.87597
142,8.24056,119.15476
143,8.83988,123.1558
144,8.09172,120.60548
145,8.17605,120.84992
146,8.78996,121.13346
149,7.79311,115.65783
150,7.54279,111.48852
151,8.27299,122.33895
152,7.50938,118.62009
153,8.37749,122.50351
154,8.00065,128.77976
