Nesidue No.umberR,HN shift,N shift
1674,7.85181,118.8125
1675,8.1327,117.85103
1676,8.32578,123.45777
1677,7.53044,122.18504
1678,7.85866,115.89126
1679,7.81807,122.41572
1680,9.30131,131.32654
1681,8.894,123.34302
1682,8.17218,117.66005
1683,7.89506,115.50544
1684,8.24664,118.61023
1685,8.94661,110.6794
1686,7.40172,117.33142
1687,9.01002,116.40297
1688,8.87176,115.03368
1689,9.60893,117.8706
1690,8.43029,116.06017
1691,7.35501,125.57618
1692,7.64519,124.66255
1693,7.70087,118.51134
1694,8.52792,125.58328
1695,8.73242,127.15753
1696,10.48375,116.28125
1697,7.68477,122.90542
1698,7.83881,116.77613
1699,9.14324,121.94689
1700,7.7471,104.76072
1701,8.47719,119.15517
1702,9.56109,129.58223
1703,8.64444,116.66382
1704,5.94748,111.6011
1705,6.91727,123.01446
1706,6.71713,119.30048
1707,7.2244,123.41611
1709,8.54646,122.27535
1710,7.83593,122.65178
1711,8.73687,120.23628
1712,7.32399,119.23968
1713,8.59702,123.07707
1715,8.44543,119.57937
1716,8.30996,108.59276
1717,8.15763,119.44786
1718,9.26688,124.19562
1719,6.69503,122.79319
1720,9.05884,124.22405
1721,7.90312,109.26187
1722,8.13565,125.52093
1723,8.50586,125.37144
1724,8.28096,118.52024
1725,7.25892,120.42111
1726,7.39867,115.73938
1727,7.64342,120.5222
1728,7.47652,124.77832
