Number,Position F1,Position F2
1928,8.55197,118.1248
1929,8.13057,122.07181
1930,8.16167,123.39236
1931,8.14973,123.25106
1932,7.90687,123.37021
1933,7.772,120.61759
1934,8.05064,122.87444
1935,8.67783,127.17639
1936,8.96499,122.01739
1937,8.25878,118.1691
1938,7.70749,115.34936
1939,8.39549,118.70856
1940,8.96818,110.31323
1941,7.6667,117.03308
1942,8.92967,115.78975
1943,9.05182,117.07974
1944,9.48836,119.58169
1945,8.01627,118.5744
1946,7.26873,122.90466
1947,7.8659,127.71608
1948,8.12101,122.04899
1949,8.52349,126.53472
1950,8.80815,127.94465
1951,10.18184,114.59899
1952,7.88608,121.13875
1953,7.97494,117.76351
1954,8.4824,120.10241
1955,8.27798,105.43397
1956,8.93008,121.59156
1957,9.44048,129.35557
1958,9.09759,116.01349
1959,6.64308,112.0635
1960,7.02274,123.55325
1961,6.84118,119.51995
1962,7.44272,122.81037
1964,8.554,121.21054
1965,7.75977,124.24101
1966,8.59481,118.32512
1967,7.40492,116.90499
1968,8.44006,126.82142
1970,8.32444,121.22874
1971,7.92743,109.78757
1972,8.14734,121.33909
1973,9.26769,125.06772
1974,6.78798,122.93214
1975,9.24922,125.95846
1977,8.02194,121.66071
1978,8.3555,122.69086
1979,8.1251,120.92096
1980,7.62962,121.96643
1981,7.36551,117.42087
1982,7.54092,123.38385
1983,7.55977,120.39433
