Number,Position F1,Position F2
1928,8.52511,118.50635
1929,8.17388,122.83949
1930,8.08468,122.33988
1931,8.1571,122.98866
1932,7.85016,122.80543
1933,7.72755,121.8295
1934,8.11491,122.80098
1935,8.61358,127.26915
1936,8.9385,122.25129
1937,8.20733,118.13771
1938,7.75699,115.34995
1939,8.44311,118.85072
1940,9.02471,110.72993
1941,7.59915,117.02876
1942,8.89,116.45777
1943,9.29706,116.64845
1944,9.39063,118.32739
1945,7.97222,118.19519
1946,7.32652,124.46227
1947,7.56052,126.17867
1948,7.81955,119.66258
1949,8.46819,125.09212
1950,8.90044,127.28608
1951,10.37299,116.09604
1952,7.9223,122.00437
1953,7.90021,117.13048
1954,8.68969,120.81873
1955,8.08671,103.95354
1956,8.99194,122.60337
1957,9.52523,129.51181
1958,9.08228,116.12127
1959,6.66101,112.52224
1960,6.91345,123.48031
1961,6.80786,119.17742
1962,7.47538,122.9198
1964,8.58731,121.56728
1965,7.72252,124.74979
1966,8.63705,119.19604
1967,7.38499,116.66231
1968,8.5112,126.9218
1970,8.32299,120.49787
1971,8.15265,108.87262
1972,8.09564,119.94352
1973,9.46555,125.11994
1974,6.80896,123.31671
1975,9.20828,126.18839
1977,8.01911,121.86352
1978,8.29771,122.68396
1979,8.10166,120.8639
1980,7.6234,122.04681
1981,7.34336,117.52539
1982,7.54522,123.53037
56,7.55398,120.49484
