Number,Position F1,Position F2
5,7.60972,112.67206
6,8.09076,123.2126
7,8.62074,119.58319
8,8.02439,118.09484
11,8.87215,118.74883
12,7.96616,120.08737
15,7.92416,119.44473
16,7.51635,107.82881
21,8.32018,114.26728
22,7.87123,120.74137
23,8.56373,117.311
24,8.74542,123.17128
26,8.68651,120.10111
27,8.6046,125.95588
28,8.77088,120.48117
30,7.97391,118.41789
31,8.4767,120.75526
32,7.72414,111.44492
33,7.087,119.34474
34,8.34156,118.72072
35,8.40722,121.75287
36,7.98699,119.47635
37,8.84308,119.55681
38,9.06349,124.31527
39,8.55949,126.41718
41,8.60406,107.30658
42,8.54515,128.57333
43,9.11529,114.37537
51,8.39418,124.23244
53,8.84787,123.24185
54,8.66808,121.84325
56,8.89152,127.68144
59,9.11203,125.14659
60,8.25107,111.98841
61,7.49422,123.14209
63,8.9373,127.22368
64,6.83517,117.71784
67,8.76043,121.38355
70,9.91254,123.41164
71,9.38219,120.89664
72,7.44472,119.98543
75,8.35493,131.38667
78,11.54722,117.4577
79,7.25934,118.44914
81,7.63567,111.20351
82,8.07853,122.58739
83,8.09341,109.05047
84,8.4094,121.15631
85,8.39348,118.79232
86,8.52808,128.41494
87,7.37173,127.34888
88,8.98881,130.07522
90,7.23993,113.11717
92,8.60265,121.55076
95,8.22762,122.00791
96,7.55173,107.98063
97,7.75422,119.46854
98,8.74477,120.88318
99,5.3091,121.31815
101,6.61289,107.60311
102,7.06896,122.74305
103,7.12894,110.0041
105,9.31415,122.90718
106,8.17996,114.50827
107,8.05015,122.18394
108,8.53801,119.57309
109,8.52495,116.07189
110,8.22692,120.7473
111,8.06011,125.0333
113,8.45115,122.76038
114,8.00024,121.61974
115,8.00424,117.3462
116,7.26792,110.75974
119,8.68384,115.71701
121,7.54224,119.03738
122,6.73361,118.77551
124,8.25372,117.20536
126,9.00209,128.98633
127,8.81645,117.90936
128,7.17301,121.82039
129,8.40835,116.54598
130,7.65555,115.82166
131,7.84881,125.89749
133,7.57423,112.52588
136,8.52499,123.03788
138,7.31182,117.57669
139,7.83979,119.68302
140,8.67282,118.22578
141,7.43787,118.88975
142,8.27391,120.25417
144,8.08484,120.59497
145,8.18671,120.78818
146,8.79839,121.23932
149,7.58394,117.53513
150,7.54963,111.47147
151,8.27201,122.26644
152,7.51892,118.62197
153,8.37093,122.50621
154,8.00721,128.84425
