Residue,Position F1,Position F2
5,7.61235,112.65236
6,8.0891,123.17939
7,8.62455,119.57768
8,8.02842,118.07159
9,7.53369,119.01091
10,8.77451,120.4531
11,8.87407,118.74583
12,7.95961,120.21172
14,8.27136,120.24192
15,7.67517,118.1171
16,7.53482,107.90153
17,8.45239,122.76825
21,8.43007,111.77256
22,7.87244,120.71178
23,8.40564,116.53162
24,8.95718,121.75228
25,8.88508,127.69834
26,8.61211,119.00348
27,8.49334,127.16854
29,8.34058,118.71895
30,7.9761,118.38795
31,8.47438,120.73229
32,7.71957,111.38189
33,7.08439,119.39125
34,8.56322,121.16128
35,8.52311,123.05251
36,7.98912,119.43878
37,8.84305,119.55569
41,8.60329,107.30852
42,8.76549,127.30233
43,9.11651,114.38338
44,7.5497,107.96674
51,8.38279,124.30385
52,9.31617,122.92013
53,9.07584,122.45911
54,8.67242,121.84826
55,7.84328,125.88247
56,8.92649,127.17111
57,8.54705,128.57891
59,9.0647,124.32898
60,8.24948,111.99053
61,7.49109,123.14013
63,9.11581,125.15231
64,6.8358,117.71819
67,8.76064,121.4137
68,8.55986,126.43355
69,8.06891,122.59183
70,9.91861,123.41113
72,7.43848,120.02164
74,8.17735,119.86925
75,8.35797,131.39389
76,8.97562,130.08024
78,11.5514,117.48152
79,7.06638,120.64243
80,8.39638,124.20898
81,7.64525,111.28999
82,8.14016,124.76976
83,8.09393,108.99005
84,8.41513,121.17285
85,8.39488,118.81041
86,8.52367,128.39324
87,7.36694,127.29719
88,9.15633,129.81341
89,8.56547,117.31283
90,7.2451,113.09508
91,7.9225,119.43928
92,8.60527,121.55616
95,8.23585,122.02735
96,7.59385,105.97776
97,7.75507,119.47689
98,8.74948,120.89907
99,5.3091,121.31815
101,6.60958,107.62627
102,7.06818,122.74138
103,6.94576,109.61805
104,9.38208,120.8913
105,9.53585,121.94267
106,8.4146,113.46591
107,8.04979,122.17694
108,8.53451,119.55458
109,8.321,114.29078
111,8.06027,125.02946
112,8.00008,121.62661
113,8.26514,121.59163
114,7.81127,122.21951
115,7.99857,117.36432
116,7.31235,110.50238
119,8.68482,115.71806
121,7.58191,117.51272
122,6.73362,118.77869
124,8.25218,117.2074
125,7.31328,117.56711
126,8.99889,128.97337
127,8.81413,117.84695
128,7.26539,121.51787
130,7.88552,114.60693
131,7.74633,123.54565
133,7.72809,113.91759
134,8.18064,114.50457
135,8.74087,123.19763
138,7.23738,119.88613
139,7.83985,119.68953
140,8.67136,118.20044
141,7.43759,118.88949
142,8.231,119.17105
143,8.8462,123.24868
144,8.08532,120.59128
145,8.19477,120.78108
146,8.79644,121.26514
149,7.79668,115.71909
150,7.52997,112.21098
151,8.26949,122.29412
152,7.51805,118.62541
153,8.37079,122.51217
154,8.00802,128.85106
