Number,Position F1,Position F2
6,8.05192,122.23162
8,8.03228,118.08836
10,8.7603,121.03377
11,8.87413,118.77494
12,7.95862,120.23686
14,8.26891,120.21923
15,7.68129,118.10776
17,8.45012,122.76588
21,8.43122,111.75181
22,7.86265,120.72058
23,8.53398,116.91483
24,8.95823,121.76135
25,8.88428,127.76259
26,8.61533,119.00125
27,8.59329,125.92837
28,8.78006,120.41417
29,8.33949,118.71339
30,7.98203,118.38419
31,8.46552,120.70406
32,7.71927,111.34534
33,7.08407,119.4131
34,8.57171,121.16436
35,8.40858,121.79529
36,7.98066,119.43597
37,8.84065,119.54031
39,8.48079,127.17819
41,8.60839,107.32706
42,8.76307,127.2933
43,9.11649,114.37099
51,8.39533,124.21819
52,9.32195,122.90995
53,9.07737,122.46845
54,8.66685,121.82428
55,7.8393,125.90191
56,8.93875,127.17429
57,8.55096,128.54903
59,9.06807,124.31278
60,8.24887,111.98609
61,7.48462,123.10285
63,9.11597,125.148
64,6.82969,117.67714
67,8.75413,121.32722
68,8.54747,126.33415
69,8.05392,122.52535
70,9.86067,123.29657
72,7.44173,119.99299
74,8.23761,120.11437
75,8.34618,131.3831
76,8.9487,130.03925
78,11.55052,117.45866
79,7.0609,120.62379
81,7.66515,111.38459
82,8.14588,124.78301
83,8.07176,109.08778
84,8.41368,121.16172
85,8.43235,119.12387
86,8.48069,128.70183
87,7.36246,127.3364
88,9.15858,129.80235
89,8.51641,116.03411
90,7.24212,113.13818
91,7.92477,119.41394
92,8.60221,121.59198
96,7.54728,107.95304
97,7.75313,119.47602
99,5.31013,121.09563
101,6.61667,107.61671
102,7.06404,122.74476
103,6.95876,109.67932
104,9.38568,120.88985
105,9.52811,121.90132
106,8.41071,113.45256
108,8.52847,119.5502
109,8.3316,114.27218
110,8.22418,120.75669
111,8.06513,125.12767
112,7.99099,121.64345
113,8.25526,121.58662
114,7.82024,122.26009
115,7.99487,117.30175
116,7.19507,110.90132
119,8.68115,115.73128
121,7.5356,118.99791
122,6.73377,118.80277
124,8.25681,117.1916
125,7.30651,117.55557
126,9.00574,128.97477
127,8.63381,119.5588
128,7.26746,121.53506
130,7.8893,114.69002
131,7.74413,123.54666
132,8.55777,117.33085
133,7.5274,112.22422
134,8.17899,114.51499
135,8.72921,123.15936
136,8.52702,123.03739
138,7.24173,119.87881
139,7.8391,119.64461
140,8.67013,118.17747
141,7.44115,118.90468
142,8.22931,119.17699
143,8.85015,123.27254
144,8.085,120.59357
145,8.18511,120.78953
146,8.77229,121.1777
149,7.79681,115.7114
150,7.54571,111.46849
151,8.27591,122.34559
152,7.51343,118.61849
153,8.3683,122.49045
154,8.00552,128.85002
