Number, Position F1, Position F2
1674,8.13577,121.05252
1675,8.28571,121.35869
1676,8.18939,121.9565
1677,8.05048,124.114
1678,7.93059,116.14685
1679,7.96395,124.2081
1680,9.1312,130.58512
1681,8.94824,123.31305
1682,8.20843,117.68432
1683,7.82904,115.65742
1684,8.245,118.92806
1685,8.8506,110.6894
1686,7.69505,117.71198
1687,8.98001,117.09478
1688,8.34182,116.01453
1689,9.38609,120.78571
1690,8.22379,117.29721
1691,7.34444,122.78702
1692,8.02366,126.34195
1693,8.06895,122.31421
1694,8.56842,127.02534
1695,8.61357,127.63885
1696,10.20716,114.14873
1697,7.67567,121.72226
1698,7.90526,117.17143
1699,8.89505,121.27841
1700,7.9059,105.50812
1701,8.50279,118.43037
1702,9.66539,130.54964
1703,8.88346,118.62572
1704,6.03987,111.4838
1705,7.0643,122.91243
1706,6.81118,119.45901
1707,7.25434,123.90364
1709,8.54814,121.971
1710,8.07115,122.61029
1711,8.72228,120.23069
1712,7.38736,119.35715
1713,8.54025,122.258
1715,8.46121,120.67215
1716,8.09546,109.96946
1717,8.13446,120.59129
1718,9.13095,124.69496
1719,6.64831,122.24682
1720,9.11021,123.95699
1721,8.0082,109.26476
1722,8.06266,125.08045
1723,8.53384,125.27591
1724,8.32256,118.70443
1725,7.26429,120.26753
1726,7.41089,115.62159
1727,7.64301,120.40618
1728,7.48443,124.65144
