Number, Position F1, Position F2
1674,8.1341,121.33172
1675,8.36508,121.97001
1676,8.18985,122.58065
1677,8.10698,124.23363
1678,7.80095,114.67943
1679,7.80415,123.2121
1680,9.30444,131.25722
1681,9.00567,123.40533
1682,8.2411,117.75752
1683,7.91502,115.49371
1684,8.27433,118.54004
1685,8.8783,110.76908
1686,7.59462,117.32297
1687,9.00491,116.8123
1688,8.48868,115.88387
1689,9.20607,118.80642
1690,8.36473,115.77299
1691,7.369,125.5584
1692,7.72453,124.869
1693,7.66084,118.43714
1694,8.61155,125.45083
1695,8.81674,127.55338
1696,10.48527,116.28771
1697,7.78679,122.63491
1698,8.01861,117.7711
1699,9.071,121.85938
1700,7.87531,104.72951
1701,8.52686,119.20912
1702,9.50807,130.22911
1703,8.69702,116.78256
1704,6.00702,111.52426
1705,7.00902,123.07339
1706,6.77786,119.36721
1707,7.20823,123.79993
1709,8.53908,122.25041
1710,7.89546,122.69008
1711,8.75996,120.20221
1712,7.37573,119.44478
1713,8.60379,123.04647
1715,8.4618,119.67931
1716,8.33264,108.70722
1717,8.16515,119.50069
1718,9.30538,124.24258
1719,6.70233,122.92355
1720,9.11656,124.13458
1721,7.94654,109.2392
1722,8.19485,125.44531
1723,8.53197,125.3565
1724,8.31432,118.5548
1725,7.31158,120.5198
1726,7.45718,115.78225
1727,7.69371,120.54803
1728,7.50126,124.78513
